Metric,Value
MAE,3.221675202747698
RMSE,6.549369683541128
R2,0.9937867452739388
