Metric,Value
Accuracy,0.9989891975308642
Precision,0.9985777777777778
Recall,0.9898669486298353
F1,0.9942032833311208
