Metric,Value
MAE,3.6675803986618236
RMSE,7.420733741030599
R2,0.9933167592506071
