Metric,Value
Accuracy,0.9979475308641975
Precision,0.9781113195747342
Recall,0.9940677966101695
F1,0.9860250078806346
