Metric,Value
Accuracy,0.9981327160493827
Precision,0.9937092443421557
Recall,0.9877983680317243
F1,0.9907449900566009
