Metric,Value
MAE,2.536633304250759
RMSE,5.322073585353504
R2,0.9936915892015138
