Metric,Value
MAE,20.301123207823466
RMSE,37.40255720021833
R2,0.743045522438669
