Metric,Value
Accuracy,0.9993441358024692
Precision,0.9954721862871928
Recall,0.9976501093914594
F1,0.9965599579100732
